 ; ;2008-2009;2009-2010;2010-2011;2011-2012;2012-2013;2013-2014;2014-2015;2015-2016;2016-2017
Halden;;;;;;;;;;
 ;Willow Ptarmigan;0;0;0;0;0;0;0;0;0
Sarpsborg (-1991);;;;;;;;;;
 ;Willow Ptarmigan;0;0;0;0;0;0;0;0;0
Fredrikstad (-1993);;;;;;;;;;
 ;Willow Ptarmigan;0;0;0;0;0;0;0;0;0
Moss;;;;;;;;;;
 ;Willow Ptarmigan;0;0;0;0;0;0;0;0;0
Sarpsborg;;;;;;;;;;
 ;Willow Ptarmigan;0;0;0;0;0;0;0;0;0
Fredrikstad;;;;;;;;;;
 ;Willow Ptarmigan;0;0;0;0;0;0;0;0;0
Hvaler;;;;;;;;;;
 ;Willow Ptarmigan;0;0;0;0;0;0;0;0;0
Borge (-1993);;;;;;;;;;
 ;Willow Ptarmigan;0;0;0;0;0;0;0;0;0
Varteig (-1991);;;;;;;;;;
 ;Willow Ptarmigan;0;0;0;0;0;0;0;0;0
Skjeberg (-1991);;;;;;;;;;
 ;Willow Ptarmigan;0;0;0;0;0;0;0;0;0
Aremark;;;;;;;;;;
 ;Willow Ptarmigan;0;0;0;0;0;0;0;0;0
Marker;;;;;;;;;;
 ;Willow Ptarmigan;0;0;0;0;0;0;0;0;0
Rømskog;;;;;;;;;;
 ;Willow Ptarmigan;0;0;0;0;0;0;0;0;0
Trøgstad;;;;;;;;;;
 ;Willow Ptarmigan;0;0;0;0;0;0;0;0;0
Spydeberg;;;;;;;;;;
 ;Willow Ptarmigan;0;0;0;0;0;0;0;0;0
Askim;;;;;;;;;;
 ;Willow Ptarmigan;0;0;0;0;0;0;0;0;0
Eidsberg;;;;;;;;;;
 ;Willow Ptarmigan;0;0;0;0;0;0;0;0;0
Skiptvet;;;;;;;;;;
 ;Willow Ptarmigan;0;0;0;0;0;0;0;0;0
Rakkestad;;;;;;;;;;
 ;Willow Ptarmigan;0;0;0;0;0;0;0;0;0
Tune (-1991);;;;;;;;;;
 ;Willow Ptarmigan;0;0;0;0;0;0;0;0;0
Rolvsøy (1911-1993);;;;;;;;;;
 ;Willow Ptarmigan;0;0;0;0;0;0;0;0;0
Kråkerøy (1908-1993);;;;;;;;;;
 ;Willow Ptarmigan;0;0;0;0;0;0;0;0;0
Onsøy (-1993);;;;;;;;;;
 ;Willow Ptarmigan;0;0;0;0;0;0;0;0;0
Råde;;;;;;;;;;
 ;Willow Ptarmigan;0;0;0;0;0;0;0;0;0
Rygge;;;;;;;;;;
 ;Willow Ptarmigan;0;0;0;0;0;0;0;0;0
Våler (Østf.);;;;;;;;;;
 ;Willow Ptarmigan;0;0;0;0;0;0;0;0;0
Hobøl;;;;;;;;;;
 ;Willow Ptarmigan;0;0;0;0;0;0;0;0;0
Unknown municipalities, Østfold;;;;;;;;;;
 ;Willow Ptarmigan;0;0;0;0;0;0;0;0;0
Vestby;;;;;;;;;;
 ;Willow Ptarmigan;0;0;0;0;0;0;0;0;0
Ski;;;;;;;;;;
 ;Willow Ptarmigan;0;0;0;0;0;0;0;0;0
Ås;;;;;;;;;;
 ;Willow Ptarmigan;0;0;0;0;0;0;0;0;0
Frogn;;;;;;;;;;
 ;Willow Ptarmigan;0;0;0;0;0;0;0;0;0
Nesodden;;;;;;;;;;
 ;Willow Ptarmigan;0;0;0;0;0;0;0;0;0
Oppegård;;;;;;;;;;
 ;Willow Ptarmigan;0;0;0;0;0;0;0;0;0
Bærum;;;;;;;;;;
 ;Willow Ptarmigan;0;0;0;0;0;0;0;0;0
Asker;;;;;;;;;;
 ;Willow Ptarmigan;0;0;0;0;0;0;0;0;0
Aurskog-Høland;;;;;;;;;;
 ;Willow Ptarmigan;0;0;0;0;0;0;0;0;0
Sørum;;;;;;;;;;
 ;Willow Ptarmigan;0;0;0;0;0;0;0;0;0
Fet;;;;;;;;;;
 ;Willow Ptarmigan;0;0;0;0;0;0;0;0;0
Rælingen;;;;;;;;;;
 ;Willow Ptarmigan;0;0;0;0;0;0;0;0;0
Enebakk;;;;;;;;;;
 ;Willow Ptarmigan;0;0;0;0;0;0;0;0;0
Lørenskog;;;;;;;;;;
 ;Willow Ptarmigan;0;0;0;0;0;0;0;0;0
Skedsmo;;;;;;;;;;
 ;Willow Ptarmigan;0;0;0;0;0;0;0;0;0
Nittedal;;;;;;;;;;
 ;Willow Ptarmigan;0;0;0;0;0;0;0;0;0
Gjerdrum;;;;;;;;;;
 ;Willow Ptarmigan;0;0;0;0;0;0;0;0;0
Ullensaker;;;;;;;;;;
 ;Willow Ptarmigan;0;0;0;0;0;0;0;0;0
Nes (Ak.);;;;;;;;;;
 ;Willow Ptarmigan;0;0;0;0;0;0;0;0;0
Eidsvoll;;;;;;;;;;
 ;Willow Ptarmigan;0;0;0;0;0;0;0;0;0
Nannestad;;;;;;;;;;
 ;Willow Ptarmigan;0;0;0;0;0;0;0;0;0
Hurdal;;;;;;;;;;
 ;Willow Ptarmigan;0;0;0;0;0;0;0;0;0
Unknown municipalities, Akershus;;;;;;;;;;
 ;Willow Ptarmigan;0;0;0;0;0;0;0;0;0
Oslo municipality;;;;;;;;;;
 ;Willow Ptarmigan;0;0;0;0;0;0;0;0;0
Uoppgitt komm. Oslo;;;;;;;;;;
 ;Willow Ptarmigan;0;0;0;0;0;0;0;0;0
Hamar (-1991);;;;;;;;;;
 ;Willow Ptarmigan;0;0;0;0;0;0;0;0;0
Kongsvinger;;;;;;;;;;
 ;Willow Ptarmigan;0;0;0;..;0;0;..;0;0
Hamar;;;;;;;;;;
 ;Willow Ptarmigan;150;..;..;150;..;..;..;..;..
Ringsaker;;;;;;;;;;
 ;Willow Ptarmigan;450;250;600;450;350;450;550;100;300
Vang (-1991);;;;;;;;;;
 ;Willow Ptarmigan;0;0;0;0;0;0;0;0;0
Løten;;;;;;;;;;
 ;Willow Ptarmigan;..;..;100;..;..;..;..;..;..
Stange;;;;;;;;;;
 ;Willow Ptarmigan;..;0;0;0;..;0;0;0;0
Nord-Odal;;;;;;;;;;
 ;Willow Ptarmigan;..;..;0;..;0;0;0;0;0
Sør-Odal;;;;;;;;;;
 ;Willow Ptarmigan;..;..;0;0;0;0;0;0;0
Eidskog;;;;;;;;;;
 ;Willow Ptarmigan;..;0;0;0;..;0;0;0;0
Grue;;;;;;;;;;
 ;Willow Ptarmigan;..;0;0;..;..;0;0;0;0
Åsnes;;;;;;;;;;
 ;Willow Ptarmigan;..;..;..;0;..;0;0;0;0
Våler (Hedm.);;;;;;;;;;
 ;Willow Ptarmigan;..;..;..;..;..;..;..;0;0
Elverum;;;;;;;;;;
 ;Willow Ptarmigan;150;100;150;..;..;..;..;..;..
Trysil;;;;;;;;;;
 ;Willow Ptarmigan;2100;1300;2400;2550;500;1000;950;100;450
Åmot;;;;;;;;;;
 ;Willow Ptarmigan;200;250;250;200;150;150;200;..;100
Stor-Elvdal;;;;;;;;;;
 ;Willow Ptarmigan;1450;650;1050;1150;600;800;1200;350;600
Rendalen;;;;;;;;;;
 ;Willow Ptarmigan;1900;1150;1450;1350;550;1000;1500;550;800
Engerdal;;;;;;;;;;
 ;Willow Ptarmigan;1500;1050;1300;1550;750;700;750;200;200
Tolga-Os (1966-1975);;;;;;;;;;
 ;Willow Ptarmigan;0;0;0;0;0;0;0;0;0
Tolga;;;;;;;;;;
 ;Willow Ptarmigan;1300;700;950;1350;800;1150;1800;550;1500
Tynset;;;;;;;;;;
 ;Willow Ptarmigan;2300;1000;1350;1650;400;1150;1550;350;1450
Alvdal;;;;;;;;;;
 ;Willow Ptarmigan;700;300;300;300;150;250;350;200;300
Folldal;;;;;;;;;;
 ;Willow Ptarmigan;1850;1050;1000;1300;150;900;1050;..;850
Os (Hedm.);;;;;;;;;;
 ;Willow Ptarmigan;2700;1000;1500;1550;1200;1400;2400;..;1800
Unknown municipalities, Hedmark;;;;;;;;;;
 ;Willow Ptarmigan;0;0;0;0;0;0;0;0;0
Lillehammer;;;;;;;;;;
 ;Willow Ptarmigan;200;..;150;100;..;..;..;..;..
Gjøvik;;;;;;;;;;
 ;Willow Ptarmigan;..;..;..;..;..;0;0;0;0
Dovre;;;;;;;;;;
 ;Willow Ptarmigan;1400;700;800;650;100;500;750;400;550
Lesja;;;;;;;;;;
 ;Willow Ptarmigan;1250;850;1200;750;400;550;500;350;500
Skjåk;;;;;;;;;;
 ;Willow Ptarmigan;200;200;500;300;250;350;400;200;250
Lom;;;;;;;;;;
 ;Willow Ptarmigan;1300;850;1200;850;700;1100;1150;400;650
Vågå;;;;;;;;;;
 ;Willow Ptarmigan;1550;900;1050;1000;650;700;1100;750;1000
Nord-Fron;;;;;;;;;;
 ;Willow Ptarmigan;1150;450;600;650;400;500;900;200;350
Sel;;;;;;;;;;
 ;Willow Ptarmigan;650;300;350;300;300;300;500;300;300
Fron (1966-1976);;;;;;;;;;
 ;Willow Ptarmigan;0;0;0;0;0;0;0;0;0
Sør-Fron;;;;;;;;;;
 ;Willow Ptarmigan;800;350;350;450;200;300;650;150;250
Ringebu;;;;;;;;;;
 ;Willow Ptarmigan;1850;800;1250;1200;600;500;1150;..;450
Øyer;;;;;;;;;;
 ;Willow Ptarmigan;1150;600;1200;1100;600;650;850;..;450
Gausdal;;;;;;;;;;
 ;Willow Ptarmigan;1000;500;550;750;300;350;550;..;..
Østre Toten;;;;;;;;;;
 ;Willow Ptarmigan;..;0;..;0;..;0;0;0;0
Vestre Toten;;;;;;;;;;
 ;Willow Ptarmigan;..;0;0;0;..;0;..;0;0
Jevnaker;;;;;;;;;;
 ;Willow Ptarmigan;..;0;0;0;..;0;0;0;0
Lunner;;;;;;;;;;
 ;Willow Ptarmigan;..;..;..;0;..;0;..;0;0
Gran;;;;;;;;;;
 ;Willow Ptarmigan;..;..;0;0;..;..;..;0;0
Søndre Land;;;;;;;;;;
 ;Willow Ptarmigan;0;0;0;0;..;..;..;0;0
Nordre Land;;;;;;;;;;
 ;Willow Ptarmigan;350;150;200;250;..;..;150;..;..
Sør-Aurdal;;;;;;;;;;
 ;Willow Ptarmigan;350;300;300;300;200;250;350;150;250
Etnedal;;;;;;;;;;
 ;Willow Ptarmigan;100;..;..;..;..;..;..;..;..
Nord-Aurdal;;;;;;;;;;
 ;Willow Ptarmigan;350;150;250;150;100;100;200;150;100
Vestre Slidre;;;;;;;;;;
 ;Willow Ptarmigan;750;500;500;200;..;100;250;..;250
Øystre Slidre;;;;;;;;;;
 ;Willow Ptarmigan;1600;600;1000;1300;700;1050;1250;700;750
Vang;;;;;;;;;;
 ;Willow Ptarmigan;750;600;750;450;350;450;450;250;500
Unknown municipalities, Oppland;;;;;;;;;;
 ;Willow Ptarmigan;0;0;0;0;0;0;0;0;0
Ringerike (1964-1976);;;;;;;;;;
 ;Willow Ptarmigan;0;0;0;0;0;0;0;0;0
Drammen;;;;;;;;;;
 ;Willow Ptarmigan;0;0;0;0;0;0;0;0;0
Kongsberg;;;;;;;;;;
 ;Willow Ptarmigan;..;..;..;..;..;..;..;..;..
Ringerike;;;;;;;;;;
 ;Willow Ptarmigan;..;..;100;..;..;..;..;..;..
Hole;;;;;;;;;;
 ;Willow Ptarmigan;..;..;..;..;..;..;100;0;..
Flå;;;;;;;;;;
 ;Willow Ptarmigan;550;450;600;450;250;300;350;300;350
Nes (Busk.);;;;;;;;;;
 ;Willow Ptarmigan;550;350;450;350;200;300;350;200;350
Gol;;;;;;;;;;
 ;Willow Ptarmigan;300;200;300;150;..;100;200;..;200
Hemsedal;;;;;;;;;;
 ;Willow Ptarmigan;550;750;600;600;250;350;650;350;450
Ål;;;;;;;;;;
 ;Willow Ptarmigan;1200;550;450;400;250;300;550;350;600
Hol;;;;;;;;;;
 ;Willow Ptarmigan;2350;1650;1600;1100;550;950;1600;700;1600
Sigdal;;;;;;;;;;
 ;Willow Ptarmigan;200;250;200;200;150;200;250;150;200
Krødsherad;;;;;;;;;;
 ;Willow Ptarmigan;..;..;..;..;..;..;..;..;..
Modum;;;;;;;;;;
 ;Willow Ptarmigan;..;..;0;0;0;0;0;0;0
Øvre Eiker;;;;;;;;;;
 ;Willow Ptarmigan;..;..;..;0;0;0;0;0;0
Nedre Eiker;;;;;;;;;;
 ;Willow Ptarmigan;0;0;0;..;0;0;0;0;0
Lier;;;;;;;;;;
 ;Willow Ptarmigan;..;..;..;..;0;0;0;0;0
Røyken;;;;;;;;;;
 ;Willow Ptarmigan;0;0;0;0;0;0;0;0;0
Hurum;;;;;;;;;;
 ;Willow Ptarmigan;..;0;0;..;0;0;0;0;0
Flesberg;;;;;;;;;;
 ;Willow Ptarmigan;..;..;..;..;..;..;..;..;..
Rollag;;;;;;;;;;
 ;Willow Ptarmigan;150;100;100;100;..;150;..;..;100
Nore og Uvdal;;;;;;;;;;
 ;Willow Ptarmigan;1850;1100;1100;700;550;600;900;550;1050
Unknown municipalities, Buskerud;;;;;;;;;;
 ;Willow Ptarmigan;0;0;0;0;0;0;0;0;0
Horten;;;;;;;;;;
 ;Willow Ptarmigan;0;0;0;0;0;0;0;0;0
Holmestrand;;;;;;;;;;
 ;Willow Ptarmigan;0;0;0;0;0;0;0;0;0
Horten (-1987);;;;;;;;;;
 ;Willow Ptarmigan;0;0;0;0;0;0;0;0;0
Tønsberg;;;;;;;;;;
 ;Willow Ptarmigan;0;0;0;0;0;0;0;0;0
Tønsberg (-1987);;;;;;;;;;
 ;Willow Ptarmigan;0;0;0;0;0;0;0;0;0
Sandefjord (-2016);;;;;;;;;;
 ;Willow Ptarmigan;0;0;0;0;0;0;0;0;0
Larvik (-1987);;;;;;;;;;
 ;Willow Ptarmigan;0;0;0;0;0;0;0;0;0
Stavern (1944-1987);;;;;;;;;;
 ;Willow Ptarmigan;0;0;0;0;0;0;0;0;0
Larvik;;;;;;;;;;
 ;Willow Ptarmigan;0;0;0;0;0;0;0;0;0
Sandefjord;;;;;;;;;;
 ;Willow Ptarmigan;0;0;0;0;0;0;0;0;0
Svelvik;;;;;;;;;;
 ;Willow Ptarmigan;0;0;0;0;0;0;0;0;0
Sande (Vestf.);;;;;;;;;;
 ;Willow Ptarmigan;0;0;0;0;0;0;0;0;0
Hof;;;;;;;;;;
 ;Willow Ptarmigan;0;0;0;0;0;0;0;0;0
Re;;;;;;;;;;
 ;Willow Ptarmigan;0;0;0;0;0;0;0;0;0
Borre (-1987);;;;;;;;;;
 ;Willow Ptarmigan;0;0;0;0;0;0;0;0;0
Ramnes (-2001);;;;;;;;;;
 ;Willow Ptarmigan;0;0;0;0;0;0;0;0;0
Andebu (-2016);;;;;;;;;;
 ;Willow Ptarmigan;0;0;0;0;0;0;0;0;0
Stokke (-2016);;;;;;;;;;
 ;Willow Ptarmigan;0;0;0;0;0;0;0;0;0
Sem (-1987);;;;;;;;;;
 ;Willow Ptarmigan;0;0;0;0;0;0;0;0;0
Nøtterøy;;;;;;;;;;
 ;Willow Ptarmigan;0;0;0;0;0;0;0;0;0
Tjøme;;;;;;;;;;
 ;Willow Ptarmigan;0;0;0;0;0;0;0;0;0
Tjølling (-1987);;;;;;;;;;
 ;Willow Ptarmigan;0;0;0;0;0;0;0;0;0
Brunlanes (-1987);;;;;;;;;;
 ;Willow Ptarmigan;0;0;0;0;0;0;0;0;0
Hedrum (-1987);;;;;;;;;;
 ;Willow Ptarmigan;0;0;0;0;0;0;0;0;0
Lardal;;;;;;;;;;
 ;Willow Ptarmigan;0;0;0;0;0;0;0;0;0
Unknown municipalities, Vestfold;;;;;;;;;;
 ;Willow Ptarmigan;0;0;0;0;0;0;0;0;0
Porsgrunn;;;;;;;;;;
 ;Willow Ptarmigan;0;0;0;0;0;0;0;0;0
Skien;;;;;;;;;;
 ;Willow Ptarmigan;..;..;..;..;..;0;..;..;..
Notodden;;;;;;;;;;
 ;Willow Ptarmigan;..;..;100;150;100;..;150;100;150
Siljan;;;;;;;;;;
 ;Willow Ptarmigan;0;..;..;0;0;0;0;0;0
Bamble;;;;;;;;;;
 ;Willow Ptarmigan;..;0;..;0;0;0;0;0;0
Kragerø;;;;;;;;;;
 ;Willow Ptarmigan;..;0;0;0;0;0;0;0;0
Drangedal;;;;;;;;;;
 ;Willow Ptarmigan;..;..;..;..;..;..;..;..;..
Nome;;;;;;;;;;
 ;Willow Ptarmigan;0;0;0;..;..;0;0;0;0
Bø (Telem.);;;;;;;;;;
 ;Willow Ptarmigan;..;..;..;..;..;..;..;..;..
Sauherad;;;;;;;;;;
 ;Willow Ptarmigan;..;..;..;..;..;..;..;..;..
Tinn;;;;;;;;;;
 ;Willow Ptarmigan;1200;900;750;550;300;350;600;400;500
Hjartdal;;;;;;;;;;
 ;Willow Ptarmigan;300;250;250;300;150;150;150;100;200
Seljord;;;;;;;;;;
 ;Willow Ptarmigan;250;200;250;250;150;150;150;150;150
Kviteseid;;;;;;;;;;
 ;Willow Ptarmigan;..;..;..;..;..;..;..;..;..
Nissedal;;;;;;;;;;
 ;Willow Ptarmigan;100;..;150;100;..;..;..;..;..
Fyresdal;;;;;;;;;;
 ;Willow Ptarmigan;500;400;500;300;300;300;450;350;350
Tokke;;;;;;;;;;
 ;Willow Ptarmigan;150;..;150;150;..;..;..;..;..
Vinje;;;;;;;;;;
 ;Willow Ptarmigan;1350;1250;1150;800;550;600;750;450;600
Unknown municipalities, Telemark;;;;;;;;;;
 ;Willow Ptarmigan;0;0;0;0;0;0;0;0;0
Risør;;;;;;;;;;
 ;Willow Ptarmigan;0;0;..;0;0;0;0;0;0
Arendal (-1991);;;;;;;;;;
 ;Willow Ptarmigan;0;0;0;0;0;0;0;0;0
Grimstad;;;;;;;;;;
 ;Willow Ptarmigan;..;..;0;0;0;0;0;0;0
Arendal;;;;;;;;;;
 ;Willow Ptarmigan;..;0;..;..;0;0;0;0;0
Gjerstad;;;;;;;;;;
 ;Willow Ptarmigan;0;..;..;..;0;0;0;0;0
Vegårshei;;;;;;;;;;
 ;Willow Ptarmigan;..;0;..;0;0;0;0;0;0
Tvedestrand;;;;;;;;;;
 ;Willow Ptarmigan;0;0;..;0;0;0;0;0;0
Moland (1962-1991);;;;;;;;;;
 ;Willow Ptarmigan;0;0;0;0;0;0;0;0;0
Froland;;;;;;;;;;
 ;Willow Ptarmigan;..;..;..;..;..;..;..;..;..
Øyestad (-1991);;;;;;;;;;
 ;Willow Ptarmigan;0;0;0;0;0;0;0;0;0
Tromøy (-1991);;;;;;;;;;
 ;Willow Ptarmigan;0;0;0;0;0;0;0;0;0
Hisøy (-1991);;;;;;;;;;
 ;Willow Ptarmigan;0;0;0;0;0;0;0;0;0
Fjære (-1970);;;;;;;;;;
 ;Willow Ptarmigan;0;0;0;0;0;0;0;0;0
Landvik (-1970);;;;;;;;;;
 ;Willow Ptarmigan;0;0;0;0;0;0;0;0;0
Lillesand;;;;;;;;;;
 ;Willow Ptarmigan;..;0;0;0;0;0;0;0;0
Birkenes;;;;;;;;;;
 ;Willow Ptarmigan;..;0;..;..;..;0;0;0;0
Åmli;;;;;;;;;;
 ;Willow Ptarmigan;..;..;..;100;..;..;..;..;..
Iveland;;;;;;;;;;
 ;Willow Ptarmigan;0;..;0;0;0;0;0;0;0
Evje og Hornnes;;;;;;;;;;
 ;Willow Ptarmigan;..;..;..;..;..;0;0;0;..
Bygland;;;;;;;;;;
 ;Willow Ptarmigan;800;750;900;500;300;350;700;500;650
Valle;;;;;;;;;;
 ;Willow Ptarmigan;1150;1250;1600;900;700;750;900;700;700
Bykle;;;;;;;;;;
 ;Willow Ptarmigan;700;750;850;450;400;450;650;400;500
Unknown municipalities, Aust-Agder;;;;;;;;;;
 ;Willow Ptarmigan;0;0;0;0;0;0;0;0;0
Kristiansand;;;;;;;;;;
 ;Willow Ptarmigan;0;0;..;0;0;0;0;0;0
Mandal;;;;;;;;;;
 ;Willow Ptarmigan;..;..;..;0;0;0;0;0;0
Farsund;;;;;;;;;;
 ;Willow Ptarmigan;0;0;..;0;0;..;0;0;0
Flekkefjord;;;;;;;;;;
 ;Willow Ptarmigan;..;..;..;..;..;..;..;..;..
Vennesla;;;;;;;;;;
 ;Willow Ptarmigan;0;0;0;..;0;0;0;0;..
Songdalen;;;;;;;;;;
 ;Willow Ptarmigan;0;0;..;0;0;0;0;0;..
Søgne;;;;;;;;;;
 ;Willow Ptarmigan;0;0;0;0;..;0;0;0;0
Marnardal;;;;;;;;;;
 ;Willow Ptarmigan;..;..;..;0;0;0;0;0;0
Åseral;;;;;;;;;;
 ;Willow Ptarmigan;1150;900;1300;900;400;700;1150;850;900
Audnedal;;;;;;;;;;
 ;Willow Ptarmigan;..;..;..;0;..;0;0;0;0
Lindesnes;;;;;;;;;;
 ;Willow Ptarmigan;..;0;..;..;..;0;0;0;0
Lyngdal;;;;;;;;;;
 ;Willow Ptarmigan;..;..;..;0;..;0;0;0;0
Hægebostad;;;;;;;;;;
 ;Willow Ptarmigan;..;..;150;150;..;..;150;100;150
Kvinesdal;;;;;;;;;;
 ;Willow Ptarmigan;700;450;600;400;250;350;450;500;500
Sirdal;;;;;;;;;;
 ;Willow Ptarmigan;1900;2000;2250;1200;650;1050;1500;1100;1100
Unknown municipalities, Vest-Agder;;;;;;;;;;
 ;Willow Ptarmigan;0;0;0;0;0;0;0;0;0
Eigersund;;;;;;;;;;
 ;Willow Ptarmigan;..;..;..;..;..;..;..;..;0
Sandnes;;;;;;;;;;
 ;Willow Ptarmigan;..;..;..;..;..;0;0;0;0
Stavanger;;;;;;;;;;
 ;Willow Ptarmigan;..;..;0;0;0;0;0;0;0
Haugesund;;;;;;;;;;
 ;Willow Ptarmigan;..;0;0;0;0;0;0;0;0
Sokndal;;;;;;;;;;
 ;Willow Ptarmigan;..;..;..;..;..;..;..;..;..
Lund;;;;;;;;;;
 ;Willow Ptarmigan;..;..;..;..;..;..;..;..;..
Bjerkreim;;;;;;;;;;
 ;Willow Ptarmigan;..;100;150;100;..;..;100;..;..
Hå;;;;;;;;;;
 ;Willow Ptarmigan;0;0;0;0;..;0;0;0;0
Klepp;;;;;;;;;;
 ;Willow Ptarmigan;0;..;0;0;0;0;0;0;0
Time;;;;;;;;;;
 ;Willow Ptarmigan;0;0;0;..;0;0;0;0;0
Gjesdal;;;;;;;;;;
 ;Willow Ptarmigan;..;..;..;..;..;..;..;..;..
Sola;;;;;;;;;;
 ;Willow Ptarmigan;0;0;0;0;0;0;0;0;0
Randaberg;;;;;;;;;;
 ;Willow Ptarmigan;0;0;0;0;0;0;0;0;0
Forsand;;;;;;;;;;
 ;Willow Ptarmigan;150;150;200;..;100;..;..;..;..
Strand;;;;;;;;;;
 ;Willow Ptarmigan;..;..;..;..;..;..;..;0;0
Hjelmeland;;;;;;;;;;
 ;Willow Ptarmigan;100;150;200;..;..;..;..;..;..
Suldal;;;;;;;;;;
 ;Willow Ptarmigan;250;400;400;150;150;100;200;..;..
Sauda;;;;;;;;;;
 ;Willow Ptarmigan;150;200;300;200;100;150;250;..;..
Finnøy;;;;;;;;;;
 ;Willow Ptarmigan;..;0;0;0;0;0;0;0;0
Rennesøy;;;;;;;;;;
 ;Willow Ptarmigan;0;0;0;0;..;0;0;0;0
Kvitsøy;;;;;;;;;;
 ;Willow Ptarmigan;0;0;0;0;0;0;0;0;0
Bokn;;;;;;;;;;
 ;Willow Ptarmigan;0;0;0;0;..;0;0;0;0
Tysvær;;;;;;;;;;
 ;Willow Ptarmigan;..;0;0;..;0;0;0;0;0
Karmøy;;;;;;;;;;
 ;Willow Ptarmigan;0;0;0;0;0;0;0;0;0
Utsira;;;;;;;;;;
 ;Willow Ptarmigan;0;0;0;0;0;0;0;0;0
Vindafjord (1965-2005);;;;;;;;;;
 ;Willow Ptarmigan;0;0;0;0;0;0;0;0;0
Ølen (2002-2005);;;;;;;;;;
 ;Willow Ptarmigan;0;0;0;0;0;0;0;0;0
Vindafjord;;;;;;;;;;
 ;Willow Ptarmigan;..;..;..;..;..;..;..;..;..
Unknown municipalities, Rogaland;;;;;;;;;;
 ;Willow Ptarmigan;0;0;0;0;0;0;0;0;0
Bergen;;;;;;;;;;
 ;Willow Ptarmigan;..;..;..;..;..;..;..;..;..
Etne;;;;;;;;;;
 ;Willow Ptarmigan;150;200;200;150;..;150;250;150;200
Ølen (-2001);;;;;;;;;;
 ;Willow Ptarmigan;0;0;0;0;0;0;0;0;0
Sveio;;;;;;;;;;
 ;Willow Ptarmigan;..;0;0;0;0;0;0;0;0
Bømlo;;;;;;;;;;
 ;Willow Ptarmigan;0;0;..;0;0;0;0;0;0
Stord;;;;;;;;;;
 ;Willow Ptarmigan;0;0;0;0;..;0;0;0;0
Fitjar;;;;;;;;;;
 ;Willow Ptarmigan;0;0;0;0;0;0;0;0;0
Tysnes;;;;;;;;;;
 ;Willow Ptarmigan;0;0;0;..;0;0;0;0;0
Kvinnherad;;;;;;;;;;
 ;Willow Ptarmigan;100;200;150;100;..;..;..;..;..
Jondal;;;;;;;;;;
 ;Willow Ptarmigan;..;..;..;..;..;..;..;0;..
Odda;;;;;;;;;;
 ;Willow Ptarmigan;350;350;450;400;200;200;200;150;..
Ullensvang (-1976);;;;;;;;;;
 ;Willow Ptarmigan;0;0;0;0;0;0;0;0;0
Ullensvang;;;;;;;;;;
 ;Willow Ptarmigan;150;250;200;..;..;..;..;..;..
Eidfjord;;;;;;;;;;
 ;Willow Ptarmigan;1250;1000;1150;750;300;700;1000;..;400
Ulvik;;;;;;;;;;
 ;Willow Ptarmigan;..;..;..;..;..;0;..;0;0
Granvin;;;;;;;;;;
 ;Willow Ptarmigan;..;..;..;..;..;..;..;..;..
Voss;;;;;;;;;;
 ;Willow Ptarmigan;650;650;950;750;500;500;700;250;450
Kvam;;;;;;;;;;
 ;Willow Ptarmigan;100;150;200;..;..;..;100;..;..
Fusa;;;;;;;;;;
 ;Willow Ptarmigan;..;..;..;..;..;..;..;0;..
Samnanger;;;;;;;;;;
 ;Willow Ptarmigan;..;..;..;..;..;..;..;..;..
Os (Hord.);;;;;;;;;;
 ;Willow Ptarmigan;..;..;..;..;..;0;0;0;0
Austevoll;;;;;;;;;;
 ;Willow Ptarmigan;0;0;0;0;0;0;0;0;0
Sund;;;;;;;;;;
 ;Willow Ptarmigan;0;0;0;0;0;0;0;0;0
Fjell;;;;;;;;;;
 ;Willow Ptarmigan;..;0;0;0;0;0;0;0;0
Askøy;;;;;;;;;;
 ;Willow Ptarmigan;0;0;0;0;0;0;0;0;0
Laksevåg (1918-1971);;;;;;;;;;
 ;Willow Ptarmigan;0;0;0;0;0;0;0;0;0
Fana (-1971);;;;;;;;;;
 ;Willow Ptarmigan;0;0;0;0;0;0;0;0;0
Arna (1964-1971);;;;;;;;;;
 ;Willow Ptarmigan;0;0;0;0;0;0;0;0;0
Vaksdal;;;;;;;;;;
 ;Willow Ptarmigan;150;150;350;150;..;100;150;..;..
Modalen;;;;;;;;;;
 ;Willow Ptarmigan;..;..;..;..;..;..;..;..;..
Osterøy;;;;;;;;;;
 ;Willow Ptarmigan;..;..;0;..;..;0;..;0;0
Åsane (-1971);;;;;;;;;;
 ;Willow Ptarmigan;0;0;0;0;0;0;0;0;0
Meland;;;;;;;;;;
 ;Willow Ptarmigan;0;0;0;0;0;0;0;0;0
Øygarden;;;;;;;;;;
 ;Willow Ptarmigan;0;0;0;0;0;0;0;0;0
Radøy;;;;;;;;;;
 ;Willow Ptarmigan;0;0;0;..;0;0;0;0;0
Lindås;;;;;;;;;;
 ;Willow Ptarmigan;..;..;..;..;..;..;..;..;..
Austrheim;;;;;;;;;;
 ;Willow Ptarmigan;..;0;0;0;0;0;0;0;0
Fedje;;;;;;;;;;
 ;Willow Ptarmigan;0;0;0;0;0;0;0;0;0
Masfjorden;;;;;;;;;;
 ;Willow Ptarmigan;..;..;..;..;..;..;..;..;..
Unknown municipalities, Hordaland;;;;;;;;;;
 ;Willow Ptarmigan;0;0;0;0;0;0;0;0;0
Bergen (-1971);;;;;;;;;;
 ;Willow Ptarmigan;0;0;0;0;0;0;0;0;0
Flora;;;;;;;;;;
 ;Willow Ptarmigan;150;..;..;100;..;..;..;..;..
Gulen;;;;;;;;;;
 ;Willow Ptarmigan;..;..;..;..;..;..;..;..;..
Solund;;;;;;;;;;
 ;Willow Ptarmigan;0;0;0;0;0;0;0;0;0
Hyllestad;;;;;;;;;;
 ;Willow Ptarmigan;..;..;..;..;..;..;..;..;..
Høyanger;;;;;;;;;;
 ;Willow Ptarmigan;..;150;150;..;..;..;100;..;..
Vik;;;;;;;;;;
 ;Willow Ptarmigan;150;200;200;200;100;150;250;150;150
Balestrand;;;;;;;;;;
 ;Willow Ptarmigan;..;..;..;..;..;..;..;..;..
Leikanger;;;;;;;;;;
 ;Willow Ptarmigan;..;..;..;100;..;0;..;0;..
Sogndal;;;;;;;;;;
 ;Willow Ptarmigan;100;100;150;..;..;..;..;..;..
Aurland;;;;;;;;;;
 ;Willow Ptarmigan;100;100;150;100;..;..;..;..;..
Lærdal;;;;;;;;;;
 ;Willow Ptarmigan;400;450;400;350;150;250;300;150;250
Årdal;;;;;;;;;;
 ;Willow Ptarmigan;300;250;350;150;..;150;250;..;200
Luster;;;;;;;;;;
 ;Willow Ptarmigan;350;300;300;300;150;200;250;100;200
Askvoll;;;;;;;;;;
 ;Willow Ptarmigan;..;..;..;..;..;..;..;..;..
Fjaler;;;;;;;;;;
 ;Willow Ptarmigan;..;..;..;..;..;..;..;..;..
Gaular;;;;;;;;;;
 ;Willow Ptarmigan;..;..;..;..;..;..;..;..;..
Jølster;;;;;;;;;;
 ;Willow Ptarmigan;..;..;..;..;..;..;..;..;..
Førde;;;;;;;;;;
 ;Willow Ptarmigan;..;..;..;..;..;..;..;..;..
Naustdal;;;;;;;;;;
 ;Willow Ptarmigan;..;..;..;100;..;..;150;..;..
Bremanger;;;;;;;;;;
 ;Willow Ptarmigan;..;..;..;..;..;..;..;..;..
Vågsøy;;;;;;;;;;
 ;Willow Ptarmigan;..;..;..;0;0;..;..;0;..
Selje;;;;;;;;;;
 ;Willow Ptarmigan;..;..;..;..;..;..;..;..;..
Eid;;;;;;;;;;
 ;Willow Ptarmigan;..;100;100;..;..;..;100;..;..
Hornindal;;;;;;;;;;
 ;Willow Ptarmigan;..;..;..;..;..;..;..;..;..
Gloppen;;;;;;;;;;
 ;Willow Ptarmigan;100;..;..;100;..;..;150;..;..
Stryn (-1976);;;;;;;;;;
 ;Willow Ptarmigan;0;0;0;0;0;0;0;0;0
Stryn;;;;;;;;;;
 ;Willow Ptarmigan;..;..;..;..;..;..;..;..;..
Unknown municipalities, Sogn og Fjordane;;;;;;;;;;
 ;Willow Ptarmigan;0;0;0;0;0;0;0;0;0
Ålesund (-1976);;;;;;;;;;
 ;Willow Ptarmigan;0;0;0;0;0;0;0;0;0
Molde;;;;;;;;;;
 ;Willow Ptarmigan;..;..;100;..;..;..;..;..;..
Kristiansund  (-2007);;;;;;;;;;
 ;Willow Ptarmigan;0;0;0;0;0;0;0;0;0
Ålesund;;;;;;;;;;
 ;Willow Ptarmigan;..;0;0;..;0;0;0;0;0
Kristiansund;;;;;;;;;;
 ;Willow Ptarmigan;0;0;0;..;0;0;0;0;0
Vanylven;;;;;;;;;;
 ;Willow Ptarmigan;..;..;..;..;..;..;..;..;..
Sande (M. og R.);;;;;;;;;;
 ;Willow Ptarmigan;..;..;..;..;..;..;0;0;0
Herøy (M. og R.);;;;;;;;;;
 ;Willow Ptarmigan;..;..;..;..;..;..;..;..;..
Ulstein;;;;;;;;;;
 ;Willow Ptarmigan;..;..;..;..;..;..;..;0;..
Hareid;;;;;;;;;;
 ;Willow Ptarmigan;0;..;..;..;..;..;..;0;..
Volda;;;;;;;;;;
 ;Willow Ptarmigan;100;..;..;..;..;..;..;..;150
Ørsta;;;;;;;;;;
 ;Willow Ptarmigan;100;100;..;..;..;..;..;..;..
Ørskog;;;;;;;;;;
 ;Willow Ptarmigan;..;..;..;..;..;..;..;..;..
Norddal;;;;;;;;;;
 ;Willow Ptarmigan;..;..;..;..;..;..;..;..;..
Stranda;;;;;;;;;;
 ;Willow Ptarmigan;..;..;..;..;..;..;..;..;..
Stordal;;;;;;;;;;
 ;Willow Ptarmigan;..;..;..;..;..;..;..;..;..
Ørskog (-1976);;;;;;;;;;
 ;Willow Ptarmigan;0;0;0;0;0;0;0;0;0
Sykkylven;;;;;;;;;;
 ;Willow Ptarmigan;..;..;..;..;..;..;..;..;..
Skodje;;;;;;;;;;
 ;Willow Ptarmigan;..;..;..;0;..;0;0;0;..
Sula;;;;;;;;;;
 ;Willow Ptarmigan;..;..;..;..;..;..;..;..;..
Giske;;;;;;;;;;
 ;Willow Ptarmigan;0;0;..;0;0;0;0;0;0
Haram;;;;;;;;;;
 ;Willow Ptarmigan;..;..;..;..;..;..;..;..;..
Vestnes;;;;;;;;;;
 ;Willow Ptarmigan;..;..;..;..;..;..;..;..;..
Rauma;;;;;;;;;;
 ;Willow Ptarmigan;300;300;300;150;..;100;200;100;150
Nesset;;;;;;;;;;
 ;Willow Ptarmigan;200;200;200;150;..;150;100;..;..
Midsund;;;;;;;;;;
 ;Willow Ptarmigan;..;0;..;..;..;..;0;0;0
Sandøy;;;;;;;;;;
 ;Willow Ptarmigan;0;0;0;0;0;0;0;0;0
Aukra;;;;;;;;;;
 ;Willow Ptarmigan;0;0;0;0;0;0;0;0;0
Fræna;;;;;;;;;;
 ;Willow Ptarmigan;..;..;..;..;..;..;..;..;..
Eide;;;;;;;;;;
 ;Willow Ptarmigan;..;..;..;..;..;..;..;..;..
Averøy;;;;;;;;;;
 ;Willow Ptarmigan;0;0;0;0;0;0;0;0;0
Frei (-2007);;;;;;;;;;
 ;Willow Ptarmigan;0;0;0;0;0;0;0;0;0
Gjemnes;;;;;;;;;;
 ;Willow Ptarmigan;..;..;..;..;..;..;..;..;..
Tingvoll;;;;;;;;;;
 ;Willow Ptarmigan;..;..;..;..;..;..;..;..;..
Sunndal;;;;;;;;;;
 ;Willow Ptarmigan;300;200;250;150;..;100;100;..;..
Surnadal;;;;;;;;;;
 ;Willow Ptarmigan;350;300;400;400;300;300;500;350;550
Rindal;;;;;;;;;;
 ;Willow Ptarmigan;450;350;500;650;200;300;300;..;300
Aure (-2005);;;;;;;;;;
 ;Willow Ptarmigan;0;0;0;0;0;0;0;0;0
Halsa;;;;;;;;;;
 ;Willow Ptarmigan;..;..;..;..;..;..;..;..;..
Tustna (-2005);;;;;;;;;;
 ;Willow Ptarmigan;0;0;0;0;0;0;0;0;0
Smøla;;;;;;;;;;
 ;Willow Ptarmigan;..;..;..;..;..;0;0;0;0
Aure;;;;;;;;;;
 ;Willow Ptarmigan;..;..;..;..;..;..;..;..;..
Unknown municipalities, Møre og Romsdal;;;;;;;;;;
 ;Willow Ptarmigan;0;0;0;0;0;0;0;0;0
Trondheim;;;;;;;;;;
 ;Willow Ptarmigan;..;..;..;..;..;..;..;..;..
Hemne;;;;;;;;;;
 ;Willow Ptarmigan;300;200;150;200;100;150;150;100;..
Snillfjord;;;;;;;;;;
 ;Willow Ptarmigan;150;..;..;..;..;..;..;..;150
Hitra;;;;;;;;;;
 ;Willow Ptarmigan;..;..;..;..;..;0;..;..;..
Frøya;;;;;;;;;;
 ;Willow Ptarmigan;..;..;100;100;150;100;100;..;..
Ørland;;;;;;;;;;
 ;Willow Ptarmigan;0;..;0;0;0;0;0;0;0
Agdenes;;;;;;;;;;
 ;Willow Ptarmigan;..;..;..;..;..;..;..;..;..
Rissa;;;;;;;;;;
 ;Willow Ptarmigan;250;200;250;300;200;250;300;300;350
Bjugn;;;;;;;;;;
 ;Willow Ptarmigan;..;..;..;..;..;..;..;..;..
Åfjord;;;;;;;;;;
 ;Willow Ptarmigan;950;600;800;1000;450;550;650;600;750
Roan;;;;;;;;;;
 ;Willow Ptarmigan;150;100;150;250;100;..;100;150;..
Osen;;;;;;;;;;
 ;Willow Ptarmigan;200;150;200;200;100;100;200;..;..
Oppdal;;;;;;;;;;
 ;Willow Ptarmigan;3100;1950;2250;2850;1050;1700;1600;200;1250
Rennebu;;;;;;;;;;
 ;Willow Ptarmigan;750;500;650;750;150;400;550;..;400
Meldal;;;;;;;;;;
 ;Willow Ptarmigan;350;200;250;300;200;300;400;..;300
Orkdal;;;;;;;;;;
 ;Willow Ptarmigan;250;150;200;150;100;150;150;100;200
Røros;;;;;;;;;;
 ;Willow Ptarmigan;4400;2450;2900;2950;1000;1850;3200;450;2200
Holtålen;;;;;;;;;;
 ;Willow Ptarmigan;4800;1850;2350;2800;150;2250;3350;700;2400
Haltdalen (-1971);;;;;;;;;;
 ;Willow Ptarmigan;0;0;0;0;0;0;0;0;0
Midtre Gauldal;;;;;;;;;;
 ;Willow Ptarmigan;3600;1850;2150;2700;250;1550;2450;650;2050
Melhus;;;;;;;;;;
 ;Willow Ptarmigan;450;250;250;400;100;..;150;..;150
Skaun;;;;;;;;;;
 ;Willow Ptarmigan;..;..;0;..;..;0;0;0;0
Klæbu;;;;;;;;;;
 ;Willow Ptarmigan;350;200;200;200;..;..;..;..;..
Malvik;;;;;;;;;;
 ;Willow Ptarmigan;..;..;..;..;..;..;..;..;..
Selbu;;;;;;;;;;
 ;Willow Ptarmigan;2450;1400;1700;1450;800;1100;1500;250;1200
Tydal;;;;;;;;;;
 ;Willow Ptarmigan;2500;1900;2250;2250;1250;1450;2000;1050;1400
Unknown municipalities, Sør-Trøndelag;;;;;;;;;;
 ;Willow Ptarmigan;0;0;0;0;0;0;0;0;0
Steinkjer;;;;;;;;;;
 ;Willow Ptarmigan;600;500;650;700;250;400;600;600;800
Namsos;;;;;;;;;;
 ;Willow Ptarmigan;350;500;550;450;250;300;350;250;250
Meråker;;;;;;;;;;
 ;Willow Ptarmigan;2750;1400;2150;2600;1300;1600;1800;350;1350
Stjørdal;;;;;;;;;;
 ;Willow Ptarmigan;950;400;300;550;200;400;650;100;600
Frosta;;;;;;;;;;
 ;Willow Ptarmigan;..;..;0;0;0;0;0;0;0
Leksvik;;;;;;;;;;
 ;Willow Ptarmigan;150;..;..;..;..;..;100;..;100
Levanger;;;;;;;;;;
 ;Willow Ptarmigan;350;250;300;350;200;200;300;200;250
Verdal;;;;;;;;;;
 ;Willow Ptarmigan;1900;850;1700;2500;1000;1150;1700;1100;1700
Mosvik  (-2011);;;;;;;;;;
 ;Willow Ptarmigan;..;..;..;100;0;0;0;0;0
Verran;;;;;;;;;;
 ;Willow Ptarmigan;600;750;700;800;600;550;600;450;550
Namdalseid;;;;;;;;;;
 ;Willow Ptarmigan;450;400;400;400;300;250;400;400;400
Inderøy (-2011);;;;;;;;;;
 ;Willow Ptarmigan;0;0;..;0;0;0;0;0;0
Snåase - Snåsa;;;;;;;;;;
 ;Willow Ptarmigan;3950;2650;3850;4450;2250;2200;3050;2900;3500
Lierne;;;;;;;;;;
 ;Willow Ptarmigan;4700;2900;4800;6900;2950;3100;4550;2700;3300
Raarvihke - Røyrvik;;;;;;;;;;
 ;Willow Ptarmigan;1300;1050;1700;2650;1050;950;1350;1050;850
Namsskogan;;;;;;;;;;
 ;Willow Ptarmigan;1350;1350;2250;2650;1050;950;1200;1050;750
Grong;;;;;;;;;;
 ;Willow Ptarmigan;950;900;1200;1600;800;750;850;750;750
Høylandet;;;;;;;;;;
 ;Willow Ptarmigan;250;200;350;300;150;100;250;250;200
Overhalla;;;;;;;;;;
 ;Willow Ptarmigan;650;750;750;700;450;450;550;300;350
Fosnes;;;;;;;;;;
 ;Willow Ptarmigan;..;..;..;..;..;..;..;..;..
Flatanger;;;;;;;;;;
 ;Willow Ptarmigan;..;150;100;100;..;150;100;100;..
Vikna;;;;;;;;;;
 ;Willow Ptarmigan;..;..;..;..;..;..;..;..;..
Nærøy;;;;;;;;;;
 ;Willow Ptarmigan;250;200;250;300;150;150;200;200;150
Leka;;;;;;;;;;
 ;Willow Ptarmigan;..;..;..;..;..;..;..;..;..
Inderøy;;;;;;;;;;
 ;Willow Ptarmigan;0;0;0;0;..;..;..;..;..
Unknown municipalities, Nord-Trøndelag;;;;;;;;;;
 ;Willow Ptarmigan;0;0;0;0;0;0;0;0;0
Bodø;;;;;;;;;;
 ;Willow Ptarmigan;500;350;500;1350;400;500;800;550;600
Narvik;;;;;;;;;;
 ;Willow Ptarmigan;700;600;550;650;400;300;650;300;250
Bindal;;;;;;;;;;
 ;Willow Ptarmigan;150;150;200;250;..;..;100;150;100
Sømna;;;;;;;;;;
 ;Willow Ptarmigan;..;..;..;..;..;..;..;..;..
Brønnøy;;;;;;;;;;
 ;Willow Ptarmigan;..;..;..;..;..;..;..;..;..
Brønnøy (-1976);;;;;;;;;;
 ;Willow Ptarmigan;0;0;0;0;0;0;0;0;0
Vega;;;;;;;;;;
 ;Willow Ptarmigan;..;..;..;..;..;..;..;..;0
Vevelstad;;;;;;;;;;
 ;Willow Ptarmigan;..;..;..;0;..;..;..;..;..
Herøy (Nordl.);;;;;;;;;;
 ;Willow Ptarmigan;..;..;..;..;..;..;..;..;..
Alstahaug;;;;;;;;;;
 ;Willow Ptarmigan;..;..;..;..;..;..;..;..;..
Leirfjord;;;;;;;;;;
 ;Willow Ptarmigan;..;100;100;100;100;100;100;..;..
Vefsn;;;;;;;;;;
 ;Willow Ptarmigan;250;200;300;350;150;150;300;150;100
Grane;;;;;;;;;;
 ;Willow Ptarmigan;450;350;1200;1350;450;550;1000;300;300
Hattfjelldal;;;;;;;;;;
 ;Willow Ptarmigan;1050;800;1400;1850;1000;1350;2450;850;550
Dønna;;;;;;;;;;
 ;Willow Ptarmigan;..;..;..;..;..;..;..;..;..
Nesna;;;;;;;;;;
 ;Willow Ptarmigan;..;..;..;..;..;..;..;..;..
Hemnes;;;;;;;;;;
 ;Willow Ptarmigan;650;400;800;1400;500;600;1050;300;450
Rana;;;;;;;;;;
 ;Willow Ptarmigan;2050;1800;2350;4800;1450;2050;3250;900;1600
Lurøy;;;;;;;;;;
 ;Willow Ptarmigan;..;..;..;..;..;..;..;..;..
Træna;;;;;;;;;;
 ;Willow Ptarmigan;0;0;0;0;0;0;0;0;0
Rødøy;;;;;;;;;;
 ;Willow Ptarmigan;..;..;..;..;..;..;..;..;..
Meløy;;;;;;;;;;
 ;Willow Ptarmigan;..;..;..;..;..;..;..;..;..
Gildeskål;;;;;;;;;;
 ;Willow Ptarmigan;200;150;200;200;..;150;250;100;100
Beiarn;;;;;;;;;;
 ;Willow Ptarmigan;350;250;400;750;250;250;500;250;200
Saltdal;;;;;;;;;;
 ;Willow Ptarmigan;650;550;850;1800;500;700;1350;650;600
Fauske - Fuosko;;;;;;;;;;
 ;Willow Ptarmigan;350;300;350;750;200;250;500;250;300
Skjerstad (-2004);;;;;;;;;;
 ;Willow Ptarmigan;0;0;0;0;0;0;0;0;0
Sørfold;;;;;;;;;;
 ;Willow Ptarmigan;350;300;250;600;..;100;250;200;150
Steigen;;;;;;;;;;
 ;Willow Ptarmigan;100;..;150;150;..;..;100;..;..
Hamarøy - Hábmer;;;;;;;;;;
 ;Willow Ptarmigan;100;..;150;250;150;100;150;100;..
Divtasvuodna - Tysfjord;;;;;;;;;;
 ;Willow Ptarmigan;100;100;..;200;..;..;150;..;..
Lødingen;;;;;;;;;;
 ;Willow Ptarmigan;300;250;150;..;150;150;250;300;250
Tjeldsund;;;;;;;;;;
 ;Willow Ptarmigan;..;..;..;..;..;..;100;150;150
Evenes;;;;;;;;;;
 ;Willow Ptarmigan;..;..;..;..;..;..;..;..;..
Ballangen;;;;;;;;;;
 ;Willow Ptarmigan;200;100;150;200;..;..;200;200;150
Ankenes (-1973);;;;;;;;;;
 ;Willow Ptarmigan;0;0;0;0;0;0;0;0;0
Røst;;;;;;;;;;
 ;Willow Ptarmigan;0;0;0;0;0;0;0;0;0
Værøy;;;;;;;;;;
 ;Willow Ptarmigan;0;0;0;0;0;0;0;0;0
Moskenes (1916-1975);;;;;;;;;;
 ;Willow Ptarmigan;0;0;0;0;0;0;0;0;0
Flakstad;;;;;;;;;;
 ;Willow Ptarmigan;300;300;150;350;200;150;250;350;300
Vestvågøy;;;;;;;;;;
 ;Willow Ptarmigan;150;150;150;150;150;100;300;300;350
Vågan;;;;;;;;;;
 ;Willow Ptarmigan;200;200;150;200;100;250;300;400;350
Hadsel;;;;;;;;;;
 ;Willow Ptarmigan;450;400;350;450;450;500;800;950;800
Bø (Nordl.);;;;;;;;;;
 ;Willow Ptarmigan;200;150;150;200;200;300;400;400;350
Øksnes;;;;;;;;;;
 ;Willow Ptarmigan;450;400;300;500;450;750;950;900;650
Sortland - Suortá;;;;;;;;;;
 ;Willow Ptarmigan;200;400;200;300;350;300;450;500;550
Andøy;;;;;;;;;;
 ;Willow Ptarmigan;600;900;700;750;600;750;950;1100;850
Moskenes;;;;;;;;;;
 ;Willow Ptarmigan;..;150;100;..;..;..;..;..;..
Unknown municipalities, Nordland;;;;;;;;;;
 ;Willow Ptarmigan;0;0;0;0;0;0;0;0;0
Harstad (-2012);;;;;;;;;;
 ;Willow Ptarmigan;400;400;350;400;300;0;0;0;0
Tromsø;;;;;;;;;;
 ;Willow Ptarmigan;2250;1950;1900;2800;2700;2450;3450;4200;4100
Harstad - Hárstták;;;;;;;;;;
 ;Willow Ptarmigan;0;0;0;0;0;350;600;1200;850
Kvæfjord;;;;;;;;;;
 ;Willow Ptarmigan;200;100;..;..;..;150;550;1000;700
Skånland;;;;;;;;;;
 ;Willow Ptarmigan;..;200;200;250;150;150;200;150;100
Bjarkøy (-2012);;;;;;;;;;
 ;Willow Ptarmigan;..;..;..;..;..;0;0;0;0
Ibestad;;;;;;;;;;
 ;Willow Ptarmigan;750;800;900;1000;750;700;600;1150;1000
Gratangen;;;;;;;;;;
 ;Willow Ptarmigan;..;..;100;..;..;..;100;..;..
Loabák - Lavangen;;;;;;;;;;
 ;Willow Ptarmigan;..;150;..;100;..;..;150;..;..
Salangen (-1976);;;;;;;;;;
 ;Willow Ptarmigan;0;0;0;0;0;0;0;0;0
Bardu;;;;;;;;;;
 ;Willow Ptarmigan;1150;1150;1100;1550;800;1450;2650;3300;1700
Salangen;;;;;;;;;;
 ;Willow Ptarmigan;300;200;250;250;100;100;200;200;200
Målselv;;;;;;;;;;
 ;Willow Ptarmigan;750;550;700;850;400;550;1200;1250;850
Sørreisa;;;;;;;;;;
 ;Willow Ptarmigan;..;..;..;200;..;100;200;200;200
Dyrøy;;;;;;;;;;
 ;Willow Ptarmigan;..;..;..;..;..;..;..;..;..
Tranøy;;;;;;;;;;
 ;Willow Ptarmigan;400;250;250;450;450;400;500;850;550
Torsken;;;;;;;;;;
 ;Willow Ptarmigan;150;150;100;250;200;200;250;400;450
Berg;;;;;;;;;;
 ;Willow Ptarmigan;350;250;300;400;300;300;400;850;750
Lenvik;;;;;;;;;;
 ;Willow Ptarmigan;700;500;600;900;750;600;850;1150;950
Balsfjord;;;;;;;;;;
 ;Willow Ptarmigan;150;100;100;200;..;150;200;200;250
Karlsøy;;;;;;;;;;
 ;Willow Ptarmigan;3600;3500;3900;5950;6450;5950;6200;7450;8900
Lyngen;;;;;;;;;;
 ;Willow Ptarmigan;..;..;..;..;..;..;..;..;..
Storfjord - Omasvuotna - Omasvuono;;;;;;;;;;
 ;Willow Ptarmigan;300;150;200;250;150;250;550;450;300
Gáivuotna - Kåfjord - Kaivuono;;;;;;;;;;
 ;Willow Ptarmigan;100;..;..;..;..;..;..;..;..
Skjervøy;;;;;;;;;;
 ;Willow Ptarmigan;700;550;600;950;800;750;650;800;800
Nordreisa;;;;;;;;;;
 ;Willow Ptarmigan;200;300;250;500;250;450;700;950;600
Kvænangen;;;;;;;;;;
 ;Willow Ptarmigan;250;150;200;200;100;150;250;250;250
Unknown municipalities, Troms;;;;;;;;;;
 ;Willow Ptarmigan;0;0;0;0;0;0;0;0;0
Hammerfest (-1991);;;;;;;;;;
 ;Willow Ptarmigan;0;0;0;0;0;0;0;0;0
Vardø;;;;;;;;;;
 ;Willow Ptarmigan;100;..;..;100;..;..;150;250;100
Vadsø;;;;;;;;;;
 ;Willow Ptarmigan;1100;650;400;950;350;750;950;1350;850
Hammerfest;;;;;;;;;;
 ;Willow Ptarmigan;700;450;350;600;500;450;400;500;550
Guovdageaidnu - Kautokeino;;;;;;;;;;
 ;Willow Ptarmigan;4550;3700;2550;4250;3100;4050;5350;12050;7250
Alta;;;;;;;;;;
 ;Willow Ptarmigan;1400;1350;1000;2150;950;1500;2300;4350;2300
Loppa;;;;;;;;;;
 ;Willow Ptarmigan;150;..;150;150;..;..;100;150;..
Hasvik;;;;;;;;;;
 ;Willow Ptarmigan;1050;650;400;550;350;450;500;700;500
Sørøysund (-1991);;;;;;;;;;
 ;Willow Ptarmigan;0;0;0;0;0;0;0;0;0
Kvalsund;;;;;;;;;;
 ;Willow Ptarmigan;750;550;400;1000;450;750;950;1350;950
Måsøy;;;;;;;;;;
 ;Willow Ptarmigan;300;200;100;150;..;100;200;250;300
Nordkapp;;;;;;;;;;
 ;Willow Ptarmigan;100;100;..;..;..;100;..;150;..
Porsanger - Porsángu - Porsanki;;;;;;;;;;
 ;Willow Ptarmigan;1850;1550;1050;1900;850;1250;1450;2850;1600
Kárásjohka - Karasjok;;;;;;;;;;
 ;Willow Ptarmigan;600;700;400;550;300;550;750;1950;1200
Lebesby;;;;;;;;;;
 ;Willow Ptarmigan;650;700;600;1200;500;550;650;900;600
Gamvik;;;;;;;;;;
 ;Willow Ptarmigan;..;100;..;..;..;..;..;..;..
Berlevåg;;;;;;;;;;
 ;Willow Ptarmigan;..;..;..;..;..;..;..;..;..
Deatnu - Tana;;;;;;;;;;
 ;Willow Ptarmigan;2450;2150;1350;2600;1050;1850;1800;3750;2250
Unjárga - Nesseby;;;;;;;;;;
 ;Willow Ptarmigan;1200;800;400;600;400;650;700;1300;550
Båtsfjord;;;;;;;;;;
 ;Willow Ptarmigan;200;150;..;..;..;..;..;150;150
Sør-Varanger;;;;;;;;;;
 ;Willow Ptarmigan;1700;1050;800;2500;950;1850;2800;3950;2000
Unknown municipalities, Finnmark;;;;;;;;;;
 ;Willow Ptarmigan;0;0;0;0;0;0;0;0;0
Longyearbyen;;;;;;;;;;
 ;Willow Ptarmigan;0;0;0;0;0;0;0;0;0
Bjørnøya;;;;;;;;;;
 ;Willow Ptarmigan;0;0;0;0;0;0;0;0;0
Hopen;;;;;;;;;;
 ;Willow Ptarmigan;0;0;0;0;0;0;0;0;0
Unknown munipalities in Svalbard;;;;;;;;;;
 ;Willow Ptarmigan;0;0;0;0;0;0;0;0;0
Jan Mayen;;;;;;;;;;
 ;Willow Ptarmigan;0;0;0;0;0;0;0;0;0
Unknown  in Jan Mayen;;;;;;;;;;
 ;Willow Ptarmigan;0;0;0;0;0;0;0;0;0
Continental shelf;;;;;;;;;;
 ;Willow Ptarmigan;0;0;0;0;0;0;0;0;0
Shelf south of  62° N;;;;;;;;;;
 ;Willow Ptarmigan;0;0;0;0;0;0;0;0;0
Shelf north of 62° N;;;;;;;;;;
 ;Willow Ptarmigan;0;0;0;0;0;0;0;0;0
The shelf, unknown;;;;;;;;;;
 ;Willow Ptarmigan;0;0;0;0;0;0;0;0;0
Norwegian living abroad;;;;;;;;;;
 ;Willow Ptarmigan;0;0;0;0;0;0;0;0;0
Unknown municipality;;;;;;;;;;
 ;Willow Ptarmigan;0;0;0;0;0;0;0;0;0
;;;;;;;;;;
Number at municipality level are estimated. ;;;;;;;;;;
Yield is estimated for municipalities with at least 25 small game ;;;;;;;;;;
felled. For grouse, yield is estimated for municipalities with at ;;;;;;;;;;
least 100 felled.;;;;;;;;;;
;;;;;;;;;;
1 January 1992 the municipalities 0102 Sarpsborg, 0114 Varteig, 0115 ;;;;;;;;;;
Skjeberg and 0130 Tune were merged to new municipality 0105 Sarpsborg.;;;;;;;;;;
;;;;;;;;;;
1 January 1994 the municipalities 0103 Fredrikstad, 0113 Borge, 0131 ;;;;;;;;;;
Rolvsøy, 0133 Kråkerøy og 0134 Onsøy were merged to new municipality ;;;;;;;;;;
01056 Fredrikstad.;;;;;;;;;;
;;;;;;;;;;
1 January 1992 the municipalities 0102 Sarpsborg, 0114 Varteig, 0115 ;;;;;;;;;;
Skjeberg and 0130 Tune were merged to new municipality 0105 Sarpsborg.;;;;;;;;;;
;;;;;;;;;;
1 January 1994 the municipalities 0103 Fredrikstad, 0113 Borge, 0131 ;;;;;;;;;;
Rolvsøy, 0133 Kråkerøy og 0134 Onsøy were merged to new municipality ;;;;;;;;;;
01056 Fredrikstad.;;;;;;;;;;
;;;;;;;;;;
1 January 1994 the municipalities 0103 Fredrikstad, 0113 Borge, 0131 ;;;;;;;;;;
Rolvsøy, 0133 Kråkerøy og 0134 Onsøy were merged to new municipality ;;;;;;;;;;
01056 Fredrikstad.;;;;;;;;;;
;;;;;;;;;;
1 January 1992 the municipalities 0102 Sarpsborg, 0114 Varteig, 0115 ;;;;;;;;;;
Skjeberg and 0130 Tune were merged to new municipality 0105 Sarpsborg.;;;;;;;;;;
;;;;;;;;;;
1 January 1992 the municipalities 0102 Sarpsborg, 0114 Varteig, 0115 ;;;;;;;;;;
Skjeberg and 0130 Tune were merged to new municipality 0105 Sarpsborg.;;;;;;;;;;
;;;;;;;;;;
1 January 1992 the municipalities 0102 Sarpsborg, 0114 Varteig, 0115 ;;;;;;;;;;
Skjeberg and 0130 Tune were merged to new municipality 0105 Sarpsborg.;;;;;;;;;;
;;;;;;;;;;
1 January 1994 the municipalities 0103 Fredrikstad, 0113 Borge, 0131 ;;;;;;;;;;
Rolvsøy, 0133 Kråkerøy og 0134 Onsøy were merged to new municipality ;;;;;;;;;;
01056 Fredrikstad.;;;;;;;;;;
;;;;;;;;;;
1 January 1994 the municipalities 0103 Fredrikstad, 0113 Borge, 0131 ;;;;;;;;;;
Rolvsøy, 0133 Kråkerøy og 0134 Onsøy were merged to new municipality ;;;;;;;;;;
01056 Fredrikstad.;;;;;;;;;;
;;;;;;;;;;
1 January 2017 the municipalities 0706 Sandefjord, 0719 Andebu and ;;;;;;;;;;
most of 0720 Stokke were merged to new municipality 0710 Sandefjord. ;;;;;;;;;;
Also an area of 3 km2, with about 2 200 persons, was transferred from ;;;;;;;;;;
Stokke to 0704 Tønsberg.;;;;;;;;;;
;;;;;;;;;;
Name changed from Fredriksvern in 1930.;;;;;;;;;;
;;;;;;;;;;
1 January 2017 the municipalities 0706 Sandefjord, 0719 Andebu and ;;;;;;;;;;
most of 0720 Stokke were merged to new municipality 0710 Sandefjord. ;;;;;;;;;;
Also an area of 3 km2, with about 2 200 persons, was transferred from ;;;;;;;;;;
Stokke to 0704 Tønsberg.;;;;;;;;;;
;;;;;;;;;;
1 January 2017 the municipalities 0706 Sandefjord, 0719 Andebu and ;;;;;;;;;;
most of 0720 Stokke were merged to new municipality 0710 Sandefjord. ;;;;;;;;;;
Also an area of 3 km2, with about 2 200 persons, was transferred from ;;;;;;;;;;
Stokke to 0704 Tønsberg.;;;;;;;;;;
;;;;;;;;;;
1 January 2017 the municipalities 0706 Sandefjord, 0719 Andebu and ;;;;;;;;;;
most of 0720 Stokke were merged to new municipality 0710 Sandefjord. ;;;;;;;;;;
Also an area of 3 km2, with about 2 200 persons, was transferred from ;;;;;;;;;;
Stokke to 0704 Tønsberg.;;;;;;;;;;
;;;;;;;;;;
Name changed from Slemdal in 1919.;;;;;;;;;;
;;;;;;;;;;
Name changed from Liknes in 1917.;;;;;;;;;;
;;;;;;;;;;
 ;;;;;;;;;;
1 January 2017 was the boundary between 1102 Sandnes and 1124 Sola ;;;;;;;;;;
changed.;;;;;;;;;;
;;;;;;;;;;
 ;;;;;;;;;;
1 January 2017 was the boundary between 1102 Sandnes and 1124 Sola ;;;;;;;;;;
changed.;;;;;;;;;;
;;;;;;;;;;
1 January 2006  1154 Vindafjord and 1159 Ølen were merged to 1160 ;;;;;;;;;;
Vindafjord.;;;;;;;;;;
;;;;;;;;;;
1 January 2006  1154 Vindafjord and 1159 Ølen were merged to 1160 ;;;;;;;;;;
Vindafjord. ;;;;;;;;;;
Municipality 1214 Ølen was 1 January 2002 transferred to county ;;;;;;;;;;
Rogaland as 1159 Ølen.;;;;;;;;;;
;;;;;;;;;;
1 January 2006  1154 Vindafjord and 1159 Ølen were merged to 1160 ;;;;;;;;;;
Vindafjord.;;;;;;;;;;
;;;;;;;;;;
Municipality 1214 Ølen was 1 January 2002 transferred to county ;;;;;;;;;;
Rogaland as 1159 Ølen.;;;;;;;;;;
;;;;;;;;;;
1 January 2008 1503 Kristiansund and 1556 Frei were merged to 1505 ;;;;;;;;;;
Kristiansund.;;;;;;;;;;
;;;;;;;;;;
1 January 2008 1503 Kristiansund and 1556 Frei were merged to 1505 ;;;;;;;;;;
Kristiansund.;;;;;;;;;;
;;;;;;;;;;
An area with 380 inhabitants was per 1 January 2002 transferred from ;;;;;;;;;;
1514 Sande to 1511 Vanylven.;;;;;;;;;;
;;;;;;;;;;
An area with 380 inhabitants was per 1 January 2002 transferred from ;;;;;;;;;;
1514 Sande to 1511 Vanylven.;;;;;;;;;;
;;;;;;;;;;
1 January 2008 1503 Kristiansund and 1556 Frei were merged to 1505 ;;;;;;;;;;
Kristiansund.;;;;;;;;;;
;;;;;;;;;;
1 January 2006 1569 Aure and 1572 Tustna were merged to 1576 Aure.;;;;;;;;;;
;;;;;;;;;;
1 January 2006 1569 Aure and 1572 Tustna were merged to 1576 Aure.;;;;;;;;;;
;;;;;;;;;;
1 January 2006 1569 Aure and 1572 Tustna were merged to 1576 Aure.;;;;;;;;;;
;;;;;;;;;;
1 January 2012 1723 Mosvik and 1729 Inderøy were merged to 1756 ;;;;;;;;;;
Inderøy.;;;;;;;;;;
;;;;;;;;;;
1 January 2012 1729 Inderøy and 1723 Mosvik were merged to 1756 ;;;;;;;;;;
Inderøy.;;;;;;;;;;
;;;;;;;;;;
1 January 2012 1723 Mosvik and 1729 Inderøy were merged to 1756 ;;;;;;;;;;
Inderøy.;;;;;;;;;;
;;;;;;;;;;
1 January 2005 1804 Bodø and 1842 Skjerstad were merged to 1804 Bodø.;;;;;;;;;;
;;;;;;;;;;
1 January 2005 1804 Bodø and 1842 Skjerstad were merged to 1804 Bodø.;;;;;;;;;;
;;;;;;;;;;
1 January 2013 1901 Harstad and 1915 Bjarkøy were merged to 1903 ;;;;;;;;;;
Harstad.;;;;;;;;;;
;;;;;;;;;;
1 January 2013 1901 Harstad and 1915 Bjarkøy were merged to 1903 ;;;;;;;;;;
Harstad.;;;;;;;;;;
;;;;;;;;;;
1 January 2013 1901 Harstad and 1915 Bjarkøy were merged to 1903 ;;;;;;;;;;
Harstad.;;;;;;;;;;
